<?xml version="1.0" encoding="UTF-8"?>
<project-private xmlns="http://www.netbeans.org/ns/project-private/1">
    <editor-bookmarks xmlns="http://www.netbeans.org/ns/editor-bookmarks/2" lastBookmarkId="0"/>
    <open-files xmlns="http://www.netbeans.org/ns/projectui-open-files/2">
        <group>
            <file>file:/Users/keeganmay/NetBeansProjects/TaxCalculator/web/calculator2.html</file>
            <file>file:/Users/keeganmay/NetBeansProjects/TaxCalculator/web/calculator.html</file>
            <file>file:/Users/keeganmay/NetBeansProjects/TaxCalculator/src/java/Logic/DataAccess.java</file>
            <file>file:/Users/keeganmay/NetBeansProjects/TaxCalculator/src/java/Logic/Calculate.java</file>
        </group>
    </open-files>
</project-private>
